first_name,Last_name,Gender,PhoneNumber,Email,Address,date
Vivi,Bamforth,Female,8868554691,vbamforth0@creativecommons.org,9872 Erie Trail,2020-02-25
Syd,Ballaam,Male,6489186338,sballaam1@hugedomains.com,9886 Orin Parkway,2022-07-04
Meghan,Teliga,Female,6079990275,mteliga2@theguardian.com,3353 Roth Terrace,2020-04-30
Cloe,Arundel,Female,3964769925,carundel3@nps.gov,3 Bashford Street,2022-01-20
Clementius,Worthy,Male,7551580130,cworthy4@yellowbook.com,482 Merrick Point,2020-04-30
Shalna,Deverick,Female,9638144712,sdeverick5@timesonline.co.uk,346 Toban Hill,2020-05-15
Mill,Orpen,Male,3044449246,morpen6@multiply.com,025 Nelson Avenue,2020-09-22
Jenna,O'Scully,Female,9929257416,joscully7@mayoclinic.com,1672 Dwight Drive,2020-02-04
Sammie,McAline,Male,8828664134,smcaline8@weibo.com,6 Grasskamp Street,2020-11-16
Ogdon,Lindstrom,Male,9153158467,olindstrom9@indiatimes.com,0 Quincy Avenue,2022-04-23
Griffith,Minogue,Male,8255851934,gminoguea@nationalgeographic.com,3 Browning Alley,2022-12-10
Emmalee,Croydon,Female,3387392371,ecroydonb@walmart.com,3558 Golf View Way,2021-09-04
Tandie,Mearing,Female,3983542766,tmearingc@free.fr,9601 Spohn Trail,2023-02-06
Adrian,Woodus,Female,1577638285,awoodusd@eepurl.com,3150 Bunting Circle,2020-11-04
Hobey,Shannahan,Male,8842078813,hshannahane@utexas.edu,6957 Lakewood Road,2020-08-08
Thebault,Millins,Male,3356675213,tmillinsf@cargocollective.com,04552 Veith Hill,2020-02-07
Rodolphe,Mablestone,Male,3825221833,rmablestoneg@ucoz.ru,0736 Redwing Plaza,2020-04-06
Valli,Spaxman,Female,2115109275,vspaxmanh@java.com,033 Lawn Drive,2020-12-06
Carolina,Waulker,Female,2853065712,cwaulkeri@gravatar.com,39 Bonner Circle,2021-06-22
Mel,Pember,Female,3262839770,mpemberj@is.gd,7192 Anzinger Crossing,2021-04-13
Englebert,Roz,Male,9021084676,erozk@shutterfly.com,96 Londonderry Center,2020-06-25
Valene,Della Scala,Female,8244267733,vdellascalal@vk.com,449 Bellgrove Way,2021-03-25
Hobey,Savege,Male,6607547451,hsavegem@google.pl,25469 Logan Road,2022-06-26
Somerset,Simmig,Male,1944520694,ssimmign@ycombinator.com,4284 Sunnyside Place,2020-01-12
Chrissie,Marre,Male,5176710398,cmarreo@tinypic.com,1 Lerdahl Parkway,2021-06-28
Lars,Utley,Male,4526642639,lutleyp@dmoz.org,98 Glacier Hill Parkway,2020-11-10
Mina,De Malchar,Female,3122646140,mdemalcharq@va.gov,10279 Mifflin Lane,2020-05-16
Zorah,Barkley,Female,6719493482,zbarkleyr@wisc.edu,99939 Shasta Parkway,2022-11-01
Araldo,Ericssen,Male,8354496154,aericssens@army.mil,67439 Hallows Trail,2021-08-18
Packston,Nockells,Male,4384354472,pnockellst@cdc.gov,2800 Charing Cross Pass,2021-08-29
Jessamine,Snoxall,Female,7864072657,jsnoxallu@twitter.com,991 Carberry Parkway,2022-05-28
Heddi,Lassen,Female,5753639475,hlassenv@umich.edu,9 Magdeline Street,2023-02-13
Lambert,Hulks,Male,7009242162,lhulksw@aboutads.info,1 Arizona Circle,2022-12-29
Mallory,Powling,Male,7213445595,mpowlingx@linkedin.com,130 Messerschmidt Pass,2020-06-24
Emmery,Follos,Male,9953438112,efollosy@pagesperso-orange.fr,3732 Oneill Way,2021-11-21
Artemus,Philipard,Male,1817564576,aphilipardz@sciencedaily.com,87421 Schurz Crossing,2021-05-07
Reidar,Rapsey,Male,4774371774,rrapsey10@surveymonkey.com,612 Butternut Court,2021-08-08
Calley,Hayford,Female,1076281269,chayford11@newyorker.com,7 Gulseth Point,2021-08-20
Ursa,McCleary,Female,1098475995,umccleary12@epa.gov,21 Northland Avenue,2020-06-26
Krishna,Ferretti,Male,6345064154,kferretti13@icq.com,46 7th Lane,2021-07-29
Didi,Dallender,Female,7014786182,ddallender14@miibeian.gov.cn,2961 Packers Avenue,2020-11-11
Darrell,Fitter,Male,1336834423,dfitter15@about.com,5 Sachtjen Court,2022-08-20
Emalee,Mulles,Female,7853876118,emulles16@shinystat.com,59 Vermont Parkway,2021-07-28
Ring,Chavey,Male,8283754541,rchavey17@cargocollective.com,11703 Fuller Park,2021-06-20
Cary,Linning,Female,7074077839,clinning18@globo.com,108 Blaine Way,2021-06-24
Sayer,Naton,Male,1191972708,snaton19@yolasite.com,5 Burrows Road,2021-11-12
Alyse,Darben,Female,7161774836,adarben1a@amazon.co.uk,1 Upham Street,2021-02-26
Adolph,Dayment,Male,9546759455,adayment1b@gnu.org,0 Anderson Parkway,2021-03-07
Minny,Trippett,Female,1631213929,mtrippett1c@ft.com,10895 David Point,2021-09-13
Carolus,Guarin,Male,8959797234,cguarin1d@ucoz.ru,60458 Katie Junction,2021-08-23
Jasper,Waeland,Male,6946843405,jwaeland1e@hud.gov,8276 Hermina Avenue,2021-10-15
Purcell,Riediger,Male,8518604122,priediger1f@joomla.org,814 4th Road,2021-09-24
Marlowe,Nani,Male,2818355666,mnani1g@google.nl,5199 Mallard Way,2022-10-10
Ethe,Baythorp,Male,2188415544,ebaythorp1h@sogou.com,44289 Rockefeller Street,2021-11-08
Martguerita,Rudeyeard,Female,7942542367,mrudeyeard1i@cafepress.com,19 Harbort Way,2022-04-24
Gaspard,Crockley,Male,5907582570,gcrockley1j@yale.edu,14 Division Way,2020-10-28
Maryjane,Cornfield,Female,8842701469,mcornfield1k@thetimes.co.uk,4 Arkansas Lane,2020-12-02
Odo,Leversuch,Male,3578252255,oleversuch1l@opera.com,99 Victoria Road,2021-06-02
Karil,Ferminger,Female,8461969454,kferminger1m@blogspot.com,37 Hoard Court,2021-10-06
Bethena,Ghilardi,Female,6537433486,bghilardi1n@sakura.ne.jp,0861 Riverside Pass,2022-01-03
Doralia,Geraldo,Female,5274217046,dgeraldo1o@timesonline.co.uk,58 Shelley Street,2021-02-25
Tabor,Spinozzi,Male,2554282923,tspinozzi1p@columbia.edu,8 Dahle Road,2021-03-28
Liza,Hasard,Female,6378162363,lhasard1q@salon.com,8282 Corscot Parkway,2020-12-25
Trixie,Geraud,Female,9296226409,tgeraud1r@nasa.gov,945 Judy Terrace,2021-12-10
Torrey,Ellerman,Male,6836693040,tellerman1s@mozilla.org,23 Pepper Wood Drive,2020-09-30
Monte,Ure,Male,7416731200,mure1t@histats.com,1756 Valley Edge Point,2022-10-30
Darrel,Windless,Male,8422132483,dwindless1u@marriott.com,5758 Fisk Terrace,2022-07-28
Hewitt,Sloper,Male,6698301376,hsloper1v@indiegogo.com,2 Fuller Road,2020-12-18
Pattie,Odcroft,Male,9142641911,podcroft1w@google.de,39172 Anniversary Street,2020-07-19
Henka,Small,Female,8808615681,hsmall1x@sohu.com,6 Scott Drive,2022-10-23
Robena,Schultheiss,Female,9877813576,rschultheiss1y@shop-pro.jp,47354 Oxford Place,2020-02-27
Phelia,Kelf,Female,3705216694,pkelf1z@arizona.edu,1994 Susan Plaza,2021-02-17
Hector,Purvis,Male,9863264114,hpurvis20@columbia.edu,6698 Fairfield Park,2020-01-13
Avrit,Hegdonne,Female,2421173476,ahegdonne21@g.co,8877 Oak Hill,2021-10-24
Garvin,Camin,Male,4599932073,gcamin22@instagram.com,6922 Tony Way,2021-08-16
Keen,Rugge,Male,9032456930,krugge23@unesco.org,550 Morningstar Terrace,2022-02-15
Felice,Danilchenko,Female,8201490604,fdanilchenko24@jigsy.com,65 Bay Junction,2020-06-25
Cale,Ronchka,Male,9168579023,cronchka25@miitbeian.gov.cn,4990 Larry Circle,2020-09-29
Lewiss,Kuhnke,Male,7694858235,lkuhnke26@usatoday.com,49 Arrowood Street,2021-07-05
Clotilda,Agget,Female,3256103119,cagget27@instagram.com,784 Scoville Park,2022-04-18
Taddeo,Cranna,Male,8381500260,tcranna28@yolasite.com,88 Oakridge Street,2020-01-12
Gregorio,Kennard,Male,8836017183,gkennard29@vk.com,916 Ridge Oak Junction,2022-03-12
Nicola,Strafen,Male,2809904903,nstrafen2a@weibo.com,170 Pleasure Street,2022-05-29
Toiboid,Braidon,Male,5891309987,tbraidon2b@twitter.com,85 Corscot Street,2022-11-15
Yale,Bech,Male,6623695837,ybech2c@usnews.com,8 Farmco Way,2021-01-06
Chet,Hodgen,Male,8684675150,chodgen2d@xrea.com,97013 Mcguire Road,2020-11-16
Kynthia,Gumme,Female,3831362650,kgumme2e@foxnews.com,2786 Hanover Junction,2022-04-27
Lind,Bougourd,Female,6123178503,lbougourd2f@newsvine.com,1582 Mallory Place,2020-09-17
Gennie,Allberry,Female,5333357742,gallberry2g@angelfire.com,19 Petterle Alley,2021-10-24
Janaya,Bortolussi,Female,1114433160,jbortolussi2h@ocn.ne.jp,18257 Claremont Center,2020-01-01
Ilaire,Oatley,Male,8951463079,ioatley2i@canalblog.com,872 Havey Court,2021-04-23
Kinny,Scarr,Male,4692358750,kscarr2j@cnet.com,00 Macpherson Plaza,2020-01-31
Otho,Gerriets,Male,7416535067,ogerriets2k@jiathis.com,467 Sugar Trail,2022-09-20
Myer,Songhurst,Male,5018690075,msonghurst2l@xrea.com,76752 Bluejay Lane,2022-12-14
Paton,Bough,Male,8828173378,pbough2m@cisco.com,7437 Dunning Parkway,2021-08-06
Lorelei,Axup,Female,7554737023,laxup2n@google.com,1 Scott Lane,2022-10-18
Sergei,Leavens,Male,7394165101,sleavens2o@artisteer.com,8832 School Point,2021-04-16
Flora,Iggulden,Female,5439906858,figgulden2p@shop-pro.jp,2311 Dwight Street,2020-05-01
Ferdie,Tremberth,Male,3221319871,ftremberth2q@google.ru,97 School Point,2020-03-14
Laureen,Longbothom,Female,5765122394,llongbothom2r@linkedin.com,7306 West Circle,2021-01-08
Evvie,Reven,Female,7497235130,ereven2s@bing.com,01 Barnett Road,2022-05-03
Tymon,Wescott,Male,6284396695,twescott2t@seesaa.net,788 Waxwing Point,2022-08-13
Wilie,Kirwin,Female,4632638390,wkirwin2u@meetup.com,406 Schiller Hill,2020-09-22
